developer,success,total_reviews,average_playtime,review_score,num_games
Valve,86672.11538461539,95159.88461538461,2663.5384615384614,0.8907786049931369,26
Bethesda Game Studios,47296.9,56177.4,2001.8,0.8277125119576725,10
Tripwire Interactive,28663.0,31387.2,1059.6,0.85145477857548,5
Klei Entertainment,19098.0,20019.571428571428,621.7142857142857,0.8956746603777593,7
Ubisoft Montreal,19070.157894736843,23274.473684210527,1027.3684210526317,0.7859455011876879,19
Obsidian Entertainment,18309.14285714286,19555.714285714286,1331.4285714285713,0.8448667762713047,7
SCS Software,17348.333333333332,18161.25,648.5,0.7647417465662651,12
Bohemia Interactive,15939.8125,22225.1875,2260.1875,0.6578440891340811,16
Avalanche Studios,14870.666666666666,18750.166666666668,735.1666666666666,0.7403288747095643,6
Arkane Studios,12659.0,14036.285714285714,591.4285714285714,0.8066152874347657,7
Paradox Development Studio,11704.0,14009.076923076924,2379.6153846153848,0.77017685276168,13
Frontier Developments,11659.4,15250.2,1363.0,0.7966852827778359,5
Trion Worlds,11431.666666666666,14883.833333333334,1496.0,0.7351633633042134,6
"CAPCOM Co., Ltd.",11089.866666666667,14160.8,853.4,0.8484461711101414,15
11 bit studios,10705.142857142857,11649.0,358.7142857142857,0.8433713883281971,7
Larian Studios,9933.833333333334,10744.0,1248.3333333333333,0.804505875746584,6
Techland,9592.888888888889,10600.111111111111,575.3333333333334,0.7648965856740209,9
CREATIVE ASSEMBLY,9050.0,12445.166666666666,1514.0,0.7222739399469756,6
Crytek,8704.2,11043.4,309.4,0.7568150437741772,5
Remedy Entertainment,8648.2,9881.6,226.4,0.8603520567683782,5
Croteam,8588.4,9349.2,227.0,0.9170251809504497,5
NEKO WORKs,7822.5,8166.333333333333,344.1666666666667,0.9584190438191866,6
Konami Digital Entertainment,7281.0,8952.0,803.7142857142857,0.6087110531314851,7
id Software,7041.5,8150.0,310.77777777777777,0.8569552233614031,18
Scott Cawthon,7020.625,7743.625,2801.625,0.9110997188886296,8
Flying Wild Hog,6586.8,7321.6,320.4,0.8762065202174874,5
AMPLITUDE Studios,6277.6,7589.0,814.6,0.8591758680529187,5
BioWare,5981.833333333333,6383.5,741.0,0.8899263300981324,6
Landfall,5879.0,7071.2,201.2,0.8325559122598103,5
Hyper Hippo Games,5635.142857142857,6511.857142857143,460.2857142857143,0.7544460975167407,7
Capcom,5470.5,7041.785714285715,586.3571428571429,0.7718844634854257,14
Fatshark,5446.857142857143,7203.0,555.7142857142857,0.6749437672200786,7
Introversion Software,5383.0,5848.142857142857,276.42857142857144,0.7923616769142262,7
Harebrained Schemes,5030.6,6262.8,577.8,0.8065303425632679,5
Ubisoft,4920.384615384615,6801.153846153846,472.84615384615387,0.765793306841092,13
Giants Software,4545.714285714285,5166.428571428572,1164.0,0.8467822649756805,7
Telltale Games,4196.461538461538,4668.615384615385,283.2307692307692,0.7922936456178687,13
Rebellion,4177.0,4971.666666666667,224.5,0.8267596492648347,12
Funcom,4079.5,5765.75,667.0,0.7731136135506599,8
Frozenbyte,4061.0,4563.375,324.125,0.7755701074758,8
Piranha Bytes,3878.0,4845.571428571428,932.5714285714286,0.8080070859867744,7
Bloober Team SA,3418.4,3883.4,125.2,0.6460866918297284,5
BANDAI NAMCO Studios Inc.,3202.25,3768.5,1023.875,0.7958580736846739,8
Haemimont Games,3126.5555555555557,3870.222222222222,503.0,0.7766635564882693,9
Square Enix,3123.92,3940.48,1842.08,0.7187063002420818,25
Double Fine Productions,3026.0,3582.3571428571427,194.42857142857142,0.8074310615452512,14
Gearbox Software,2992.4285714285716,3949.0,378.57142857142856,0.8198915264915295,7
GSC Game World,2783.25,3128.0833333333335,416.5833333333333,0.7683958689036051,12
SEGA,2649.090909090909,3030.3636363636365,435.09090909090907,0.8520120130446358,11
Awesome Games Studio,2633.4,3070.6,133.0,0.8475627648184461,5
Relic Entertainment,2630.125,2812.75,556.625,0.9269185391392417,8
Slightly Mad Studios,2620.3333333333335,3623.8333333333335,2991.3333333333335,0.6652540490009234,6
Eugen Systems,2549.8571428571427,3155.1428571428573,820.4285714285714,0.7873774937112004,7
Amanita Design,2508.2,2704.6,198.8,0.8878807963750344,5
Bossa Studios,2385.625,3010.0,163.0,0.7977917041212799,8
Gas Powered Games,2321.0,2686.1666666666665,679.0,0.8112652168525747,6
The Farm 51,2258.6666666666665,3385.8333333333335,111.0,0.7138100039513019,6
FireFly Studios,2231.0,3275.375,319.375,0.7224082929437263,8
Eko Software,2175.8888888888887,2827.4444444444443,143.88888888888889,0.6124313018088793,9
Ninja Kiwi,2169.5,2566.5,752.0,0.764667574686403,6
"PopCap Games, Inc.",2053.7,2137.9,128.4,0.8988280431668224,10
City Interactive,1957.0,2905.8,74.4,0.7046998821904468,5
Beamdog,1911.6,2226.0,445.6,0.8592846901713636,5
EA Los Angeles,1884.0,2510.8333333333335,257.5,0.7377870830538559,6
Nadeo,1872.875,2226.125,3204.875,0.7917825529720752,8
Realmforge Studios,1846.4285714285713,2174.714285714286,147.28571428571428,0.6147135580561444,7
Might and Delight,1723.7142857142858,2041.5714285714287,101.28571428571429,0.8078107714367072,7
"Epic Games, Inc.",1645.4,1773.6,454.0,0.8894020373476741,5
Traveller's Tales,1622.75,1841.625,1079.5,0.8103405068023439,8
Petroglyph,1618.7142857142858,1943.0,120.85714285714286,0.7574097376578468,7
Milkstone Studios,1618.0,1883.8333333333333,140.33333333333334,0.8117088995104077,6
HFM Games,1586.5714285714287,2038.7142857142858,150.71428571428572,0.7292134786359326,7
inXile Entertainment,1523.2857142857142,1983.0,552.1428571428571,0.7464591221561887,7
Daedalic Entertainment,1519.1052631578948,1779.7368421052631,157.42105263157896,0.8437052456767428,19
Orange_Juice,1509.75,1637.625,428.5,0.8747887446952932,8
ACE Team,1505.3333333333333,1862.3333333333333,225.16666666666666,0.8032592218137452,6
Microblast Games,1487.3333333333333,2413.0,238.83333333333334,0.6821182238094349,6
Tamsoft,1410.0,1605.1666666666667,550.8333333333334,0.8274924291284526,6
David Szymanski,1396.6,1602.4,70.4,0.826121476019518,5
Hanako Games,1379.6,1467.2,204.0,0.9221943873751288,5
Zachtronics,1373.888888888889,1461.888888888889,354.6666666666667,0.9323434510184021,9
Sports Interactive,1373.1666666666667,1990.8333333333333,4077.3333333333335,0.6824011717933081,6
Targem Games,1316.1666666666667,1916.3333333333333,129.58333333333334,0.7019340776333453,12
NeocoreGames,1261.6,1749.2,211.8,0.6431619351069172,10
Winged Cloud,1253.3809523809523,1508.3333333333333,392.6666666666667,0.8198706466542647,21
Quiet River,1158.6190476190477,1259.8095238095239,110.0952380952381,0.8810022761447223,21
Team17 Digital Ltd,1153.75,1407.4375,183.5625,0.7077883427720681,16
Two Tribes,1142.2,1285.4,74.2,0.8804907905684015,5
Vertigo Gaming Inc.,1142.0,1236.4,106.8,0.9073051150175981,5
"Spike Chunsoft Co., Ltd.",1138.8,1456.2,724.7,0.8176684649265402,10
Firaxis Games,1103.5555555555557,1356.888888888889,220.88888888888889,0.7846697830526145,9
Egosoft,1102.625,1892.0,726.625,0.6980347438952805,8
Arc System Works,1085.2173913043478,1285.304347826087,518.695652173913,0.751770650773426,23
Dieselmine,1078.9,1205.7,61.6,0.7188221869139892,10
Stardock Entertainment,1042.888888888889,1389.2222222222222,205.33333333333334,0.7043643455621934,9
Crystal Dynamics,1040.875,1308.75,219.5,0.7713679569274292,8
Cyanide Studios,1032.3333333333333,1474.1666666666667,518.1666666666666,0.6422777461141561,6
Nickervision Studios,1008.75,1035.875,28.0,0.966525259049474,8
Zeboyd Games,992.8,1108.6,195.8,0.8709808876508245,5
VaragtP,971.6666666666666,1166.8333333333333,182.5,0.816741226561256,6
Positech Games,963.0,1287.142857142857,361.2857142857143,0.6498644613109817,7
Codemasters,956.1666666666666,1362.6666666666667,985.5,0.5898087372812006,6
Gaijin Games,936.5714285714286,1082.857142857143,40.57142857142857,0.7268898756814395,7
Minor Key Games,917.375,1011.0,1702.5,0.8140762231327,8
Digital Melody,895.8571428571429,986.7142857142857,131.85714285714286,0.7819834683156973,7
Nihon Falcom,881.4375,965.375,468.4375,0.9141840025202247,16
Matthew Brown,872.0,921.1111111111111,237.11111111111111,0.8883075695538984,9
Reality Pump Studios,866.375,1351.25,266.625,0.5858112694458143,8
SNK CORPORATION;DotEmu,816.0,917.8888888888889,192.77777777777777,0.7523097622165377,9
Nival,797.1538461538462,1164.8461538461538,638.8461538461538,0.7477616754215789,13
Vile Monarch,795.8,888.2,153.6,0.8619839913437088,5
Home Net Games,783.8,987.8,138.4,0.750831416270401,5
DotEmu,780.7777777777778,1079.5555555555557,262.0,0.7698039230657283,9
Pyro Studios,776.0,952.1666666666666,60.5,0.7907633582770482,6
Fabio Ferrara,773.4285714285714,1144.4285714285713,194.57142857142858,0.7074927776637542,7
VisualArts/Key,763.2857142857143,781.0,108.0,0.9672629845485039,7
"INTI CREATES CO., LTD.",743.3333333333334,827.6666666666666,133.66666666666666,0.8761066968816481,6
LucasArts,737.3809523809524,825.4285714285714,152.8095238095238,0.8185419757471721,21
Deck13,734.0,987.2,92.2,0.7411646083389065,5
Raven Software,732.4,800.6,41.6,0.8641771929779998,5
Digital Leisure Inc.,725.8,1016.6,79.0,0.7886028328559738,5
WayForward,722.8181818181819,815.2727272727273,163.0909090909091,0.8845277095868724,11
Eforb,714.0,1303.6,2126.6,0.6542919122008908,5
Jetdogs Studios;Zoom Out Games,688.0,755.5,1096.375,0.906785991840538,8
Gamious,686.2,770.0,111.2,0.8746739633731611,5
Alientrap,685.1428571428571,818.8571428571429,204.28571428571428,0.7867753640785821,7
Fakt Software,676.4,731.8,36.8,0.707382341467306,5
Silent Dreams,665.0,860.4,136.0,0.5717384777548695,5
Core Design,662.6666666666666,827.5,347.8333333333333,0.7855512160987969,6
Cyanide Studio,626.75,851.25,137.0,0.5546196071605132,16
Frogwares,624.8181818181819,783.9090909090909,61.90909090909091,0.7093225817978325,11
ProjectorGames,622.4,910.4,673.2,0.6971874497079315,5
Gameloft,615.8333333333334,1240.1666666666667,201.33333333333334,0.490739582188886,6
ClockStone,602.8,727.4,97.8,0.7664346757588648,5
Lonely Troops,601.125,662.875,231.0,0.7610035562173714,8
Blendo Games,595.6,770.0,103.6,0.8379192302461604,5
Endless Loop Studios,583.125,712.125,106.75,0.759658734652231,8
Pilgrim Adventures;GrabTheGames Studios,577.8,650.8,310.4,0.877947204360253,5
Artifex Mundi,569.8125,640.0,81.1875,0.8784299671601629,16
"KOEI TECMO GAMES CO., LTD.",555.625,796.3333333333334,207.36111111111111,0.7222162033187545,72
Rake in Grass,548.7142857142857,605.2857142857143,74.0,0.8881914994003806,7
Ludosity,539.8571428571429,584.2857142857143,322.7142857142857,0.879110184386695,7
DL Softworks,532.6428571428571,731.3571428571429,231.21428571428572,0.7757041242672547,14
Capybara Games,524.6,602.0,387.4,0.88615076493117,5
Tribute Games Inc.,519.2,729.4,211.6,0.7100330402534247,5
Zen Studios,511.8,637.0,258.0,0.7916706777021055,5
"Nippon Ichi Software, Inc.",511.27272727272725,598.7272727272727,106.54545454545455,0.8473071908175897,11
Krome Studios,510.7142857142857,585.2857142857143,48.714285714285715,0.8475739942680336,7
Puppygames,509.4,582.4,80.4,0.8738824942136756,5
Nomad Games,500.375,708.0,70.375,0.6971425525808683,8
KING Art,496.0,605.2857142857143,30.571428571428573,0.7592749971842585,7
Owlchemy Labs,493.3333333333333,618.6666666666666,165.16666666666666,0.7869485778641008,6
Games Farm,490.8,821.8,59.4,0.6014050406985116,5
Saibot Studios,482.2,595.0,75.2,0.793357067971612,5
FIVE-BN GAMES,468.3,521.5,32.1,0.8751499797806513,20
Illwinter Game Design,467.6,517.4,119.8,0.8806237630299736,5
MoeNovel,452.75,492.625,249.125,0.900192011332886,8
Forever Entertainment S. A.,437.9166666666667,623.0,273.6666666666667,0.7382004965690513,12
KT Racing,415.0,656.6,0.0,0.6218550302365486,5
Black Forest Games,414.0,555.3333333333334,66.83333333333333,0.6810280549575207,6
Wadjet Eye Games,409.25,437.5,38.75,0.9412088919233321,8
Google,381.875,424.0,18.125,0.8683115962345428,8
Creobit,379.82142857142856,586.7142857142857,102.71428571428571,0.7038935155211795,28
Sigma Team Inc.,375.44444444444446,444.55555555555554,66.66666666666667,0.7889131450849822,9
Croteam VR,360.0,418.0,36.0,0.8640147569853577,5
L. Stotch,356.75,452.0,8.0,0.803073644319064,8
"TALESSHOP Co., Ltd.",355.6,380.8,163.2,0.9354416628526454,5
Green Lava Studios,353.3333333333333,425.5,0.0,0.870211159952207,6
Jetdogs Studios,351.57142857142856,479.42857142857144,160.0,0.7664610446298953,7
Michaela Laws,349.1666666666667,405.3333333333333,12.5,0.8280035697299838,6
Microids,343.7142857142857,486.7142857142857,132.78571428571428,0.5829706358954427,14
Alda Games,341.4,478.8,197.8,0.6531209970941807,5
Zoo Corporation,336.6666666666667,415.55555555555554,320.55555555555554,0.6975777965446402,9
raptor lab,336.2,432.8,0.0,0.7622316387982957,5
Luden.io,331.8,391.6,30.6,0.7814431858467146,5
Labyrinthine,317.4,438.0,97.0,0.8034634881383231,5
InvertMouse,317.125,368.125,58.875,0.8687773535918666,8
Soccer Manager Ltd,315.3333333333333,462.6666666666667,143.0,0.6766800100961304,6
"Arcen Games, LLC",306.3636363636364,412.0,59.0,0.6752928321610742,11
BlueLine Games,305.6666666666667,399.1666666666667,66.16666666666667,0.7336156557492611,6
07th Expansion,302.77777777777777,314.55555555555554,187.0,0.9580477659192357,9
Climax Studios,301.375,408.625,36.125,0.7323122500208614,8
Milestone S.r.l.,301.24,425.56,21.24,0.6566166033865466,25
Out of the Park Developments,284.57142857142856,333.0,0.0,0.7600394204075739,7
Retro Army Limited,279.3333333333333,316.6666666666667,90.0,0.8238956828125898,6
Just1337 Studio,273.5263157894737,345.10526315789474,472.36842105263156,0.7689470503675276,19
Falcoware,272.1666666666667,364.3333333333333,390.8333333333333,0.6145115180625346,6
Pendulo Studios,270.6666666666667,337.0,23.5,0.7795997084346152,6
TML-Studios,270.55555555555554,525.1111111111111,5.222222222222222,0.5535975954610118,9
HB Studios,268.2,408.0,277.6,0.6221049938029207,5
1C Entertainment,265.6,344.1,63.7,0.689823938890118,10
Hothead Games,265.2,296.0,205.8,0.8713033701720965,5
Walter Machado,264.75,292.4166666666667,29.666666666666668,0.9049316117301566,12
NukGames,264.1111111111111,309.3333333333333,215.55555555555554,0.8501528211143655,9
Konstructors Entertainment,262.9,301.1,33.8,0.8515079809632246,10
Idea Factory,261.25,353.5,151.875,0.7643494578330672,8
10tons Ltd,259.85714285714283,290.7857142857143,43.285714285714285,0.818848007257843,14
Holospark,255.6,377.4,17.0,0.8428998909472138,5
Schell Games,255.33333333333334,290.3333333333333,69.33333333333333,0.8714368295300697,6
Strategy First,248.2,328.8,15.2,0.7473006317165501,5
Racing Bros,244.92857142857142,410.7857142857143,94.92857142857143,0.5091862486200887,14
Tuwi Michael Nannings,240.66666666666666,268.3333333333333,1.7777777777777777,0.7764682287885457,9
Reality Pump,229.83333333333334,424.6666666666667,298.8333333333333,0.5224871972440757,6
OneShark,227.6,256.6,111.4,0.8651462788857748,5
Impressions Games,219.71428571428572,249.42857142857142,1.0,0.8046503415634012,7
"Jackbox Games, Inc.",217.88235294117646,245.8235294117647,63.8235294117647,0.7950019309893831,17
Cyan Worlds,217.8,286.4,0.0,0.7221499963951525,5
Infinite Interactive,217.2,296.0,72.2,0.6747077363913471,5
Tale of Tales,216.83333333333334,332.6666666666667,8.166666666666666,0.6262768493510169,6
Exordium Games,214.4,252.2,20.0,0.7605340328101191,5
Wholetone Games,213.83333333333334,284.8333333333333,32.666666666666664,0.7241868109784106,6
Axyos Games,212.5,408.8333333333333,796.0,0.6207354729596899,6
Kyy Games,212.0,264.6,116.6,0.6481336802063358,5
Crew Lab,211.08333333333334,234.25,44.083333333333336,0.9075951893865559,12
Sometimes You,209.16666666666666,431.6666666666667,242.16666666666666,0.6121482835839916,6
N3V Games,208.42857142857142,337.7142857142857,17.285714285714285,0.556862143639459,7
Frogames,200.8,233.2,107.4,0.738827603549233,5
"MicroProse Software, Inc",199.10526315789474,228.3684210526316,122.52631578947368,0.7119248635475025,19
Pixeljam,194.875,228.25,79.875,0.8694539581940701,8
FreezeNova,191.0,276.125,56.5625,0.6864887077169539,16
Satur Entertainment,188.0,225.66666666666666,0.0,0.7564910350208529,6
BattleGoat Studios,179.8,249.0,80.0,0.7129953587527487,5
Crystal Shard,179.8,206.6,4249.4,0.7065686274509804,5
Pirotexnik,178.2,196.0,6.4,0.9212156828094521,5
Antonio Renna,171.8,304.2,33.2,0.5169406846131006,5
HeroCraft,171.4,261.4,28.6,0.6158970246338462,5
Rage Software,167.66666666666666,256.0,110.16666666666667,0.654590518699305,6
Black Lime Studio,166.42857142857142,291.0,188.14285714285714,0.5663226650666701,7
Wales Interactive,164.14285714285714,231.14285714285714,113.0,0.7573489457362793,7
Grey Alien Games,160.8,179.0,55.0,0.8705051433325769,5
Cobra Mobile,158.85714285714286,223.0,27.857142857142858,0.7341199484854053,7
XGen Studios,155.2,202.6,306.0,0.7131823240439238,5
ebi-hime,154.07142857142858,175.35714285714286,66.21428571428571,0.887682036944132,14
Longbow Games,149.8,201.0,1.0,0.8061744012004338,5
Rail Slave Games,148.83333333333334,666.0,186.5,0.47641134292371773,6
Phr00t's Software,147.88888888888889,205.66666666666666,72.33333333333333,0.765397562623785,9
Yai Gameworks,147.57142857142858,173.42857142857142,1.2857142857142858,0.8350600805094068,7
Crenetic GmbH Studios,147.0,250.4,104.6,0.7494962816878262,5
ZOV GAME STUDIO,146.42857142857142,201.85714285714286,74.71428571428571,0.6567560393162892,7
exosyphen studios,146.28571428571428,261.57142857142856,68.14285714285714,0.5286082775735045,7
Amaterasu Software,145.36363636363637,257.6363636363636,268.45454545454544,0.5198411267011189,11
Shorebound Studios,144.0,181.16666666666666,23.333333333333332,0.7743092130331131,6
Excalibur,142.8,315.6,110.8,0.4602584782999405,5
一次元创作组,142.6,151.8,0.0,0.9048480892374071,5
Kazakov Oleg,139.5,204.66666666666666,146.5,0.7151844169752551,6
"CFK Co., Ltd.",136.42857142857142,175.28571428571428,0.0,0.6008465836344368,7
CUTE ANIME GIRLS,135.42857142857142,187.57142857142858,19.142857142857142,0.6682408204328946,7
ZeroBit Games,134.4,198.2,264.2,0.7379781796604227,5
Freshtrax,134.3,325.3,112.8,0.43915087490997884,10
Frontwing,133.66666666666666,146.23809523809524,398.95238095238096,0.9238208235225194,21
SC Jogos,133.4,210.6,153.8,0.6250689891109682,5
"CINEMAX, s.r.o.",131.77777777777777,187.0,11.444444444444445,0.7259711924259086,9
Spiderweb Software,131.26666666666668,147.73333333333332,1.1333333333333333,0.8845954252726518,15
Zeiva Inc,130.6,144.9,134.3,0.7896603955809246,10
Jujubee S.A.,129.4,227.4,0.0,0.4935915208112161,5
ColloseusX,129.0,223.0,124.125,0.4962761311524213,8
Mommy's Best Games,126.0,147.83333333333334,176.33333333333334,0.8560138759081014,6
OnSkull Games,122.2,165.4,51.6,0.7353302109618337,5
Overflow,121.4,138.2,0.0,0.7838321679686229,5
凝冰剑斩,119.14285714285714,124.71428571428571,0.0,0.9433309637393446,7
Robert Alvarez,116.6,150.2,76.4,0.7754373361629588,5
Eversim,115.42857142857143,246.42857142857142,92.85714285714286,0.44538169440116454,7
Soldak Entertainment,113.6,135.2,0.0,0.816561355072003,5
Digital Eel,112.4,166.6,0.0,0.7157008380658135,5
JoyBits Ltd.,111.7,164.3,94.9,0.6282445679872615,10
Axis Games,110.6,155.6,0.2,0.7573680823680824,5
Fantasy Flight Games,108.6,133.2,0.0,0.7696730586389677,5
Steppe Hare Studio,107.6,125.8,0.0,0.8309513379226641,5
Animation Arts,107.6,136.6,6.8,0.7562454717145417,5
ASTRO PORT,106.125,121.25,24.875,0.9077124074543548,8
Darkling Room,105.0,143.2,0.0,0.7249794919327315,5
World-Loom,103.5,122.16666666666667,0.0,0.7824647093837213,6
Deck 13,102.6,169.2,154.6,0.5920273742856702,5
Ithaqua Labs,102.4,111.6,0.0,0.9049119205409193,5
Big Fat Simulations Inc.,100.8,125.4,0.0,0.7803779934148675,5
Sierra,99.85714285714286,127.14285714285714,16.285714285714285,0.770291040337083,7
Alawar Entertainment,99.5625,121.0,12.25,0.847686662269246,16
VIS-Games,98.26315789473684,159.94736842105263,0.05263157894736842,0.5160291992626984,19
NovaLogic,98.07142857142857,116.07142857142857,0.0,0.8058140977406482,14
RosePortal Games,96.8,140.6,29.0,0.6459708583961914,5
"Tilted Mill Entertainment, Inc.",95.4,133.6,0.0,0.7278624008954665,5
Straywire,95.0,131.33333333333334,116.77777777777777,0.7404002179971441,9
Anthony Case,93.4,108.2,0.0,0.8533188598779159,5
Humongous Entertainment,93.38888888888889,101.75,7.194444444444445,0.8666484481659033,36
"Fancy Bytes, Reactor",92.33333333333333,141.16666666666666,0.0,0.4709524377138014,6
GexagonVR,90.2,109.2,8.8,0.7290907811258911,5
Crankage Games,89.6,93.2,0.0,0.9626200701607722,5
Big Ant Studios,89.18181818181819,118.54545454545455,0.0,0.6964365140558109,11
The House of Fables,89.125,100.25,0.0,0.8045703615666302,8
Zetsubou,88.0,99.4,37.8,0.8950000027356847,5
Russpuppy,87.625,106.0,14.75,0.820940574606322,8
GDNomad,87.0,166.625,247.75,0.5204925240908926,8
Bmc Studio,85.54545454545455,121.54545454545455,68.18181818181819,0.7090557625720219,11
Team 6 Studios,84.71428571428571,451.42857142857144,3.2857142857142856,0.41571489252363003,7
Studio Saizensen,83.16666666666667,108.33333333333333,79.5,0.8140435742029842,6
Tin Man Games,83.15384615384616,104.0,49.76923076923077,0.8140260372018944,13
Tonguç Bodur,82.54545454545455,130.8181818181818,29.545454545454547,0.7086559266539718,11
WarfareSims,82.5,97.83333333333333,0.0,0.8014384963256145,6
Anarchy Enterprises,82.3,118.8,249.2,0.5971415659043697,10
Cleverweek,82.25,129.375,249.375,0.6001432088396117,8
Fallen Tree Games Ltd,81.83333333333333,84.5,34.5,0.9625321857919481,6
Anatoliy Loginovskikh,80.88888888888889,113.16666666666667,103.05555555555556,0.7410418378983572,18
Enlight Software Limited,80.75,100.5,0.0,0.8248308266010614,8
Dogenzaka Lab,80.5,106.2,0.0,0.7136264525875132,10
1C:InoCo,80.4,113.8,5.4,0.7083684131959994,5
Firehawk Studios,80.33333333333333,146.33333333333334,38.666666666666664,0.5404402662314195,6
Sproing,80.2,123.4,0.0,0.6627380945695249,5
Zojoi,79.375,94.125,81.875,0.7535328126465897,8
Actalogic,78.66666666666667,314.5,47.833333333333336,0.28213957973350295,6
Auroch Digital,77.4,124.4,60.6,0.6704258330377801,5
Sixteen Tons Entertainment,77.2,122.4,387.0,0.6961161737422241,5
Paleno Games,77.0,91.66666666666667,0.0,0.7549726971923768,6
Astronomic Games,76.27272727272727,109.0909090909091,144.1818181818182,0.7988676627156889,11
Pilgrim Adventures,76.14285714285714,86.28571428571429,32.0,0.929289195188404,7
橙光游戏,75.8,95.0,13.8,0.7249368140366582,10
Ivanovich Games,75.55555555555556,98.77777777777777,10.666666666666666,0.7189120927615025,9
Hipix Studio,75.375,171.0,215.625,0.43755520693406996,8
КиКо,74.4,101.3,0.8,0.7374509001371634,10
Wastelands Interactive,74.375,149.125,79.0,0.45828335832070366,8
Aldorlea Games,74.0,95.375,87.125,0.7897836585656356,16
Kiddy,73.0,134.5,29.4,0.5865181678852412,10
Nicolas Bernard,72.2,113.2,0.0,0.5638299665911607,5
Easy game,71.0,104.23076923076923,6.6923076923076925,0.6779426623560908,13
Invictus Games Ltd.,71.0,84.2,0.0,0.8206176756416852,5
MagicIndie,70.66666666666667,87.83333333333333,12.5,0.7581237095674785,6
Virtual Top,70.15384615384616,146.15384615384616,62.69230769230769,0.44646603004424446,13
Sunlight Games,69.0,219.6,313.2,0.5117254173824517,5
Sunward Games,68.3,82.5,22.4,0.834519366228589,10
Green Sauce Games,67.4,80.2,71.8,0.8776511131651319,5
Mihai Morosanu,66.42857142857143,111.64285714285714,186.71428571428572,0.546691223163232,14
MumboJumbo,65.13793103448276,85.13793103448276,7.103448275862069,0.720197644596908,29
Brandon Brizzi,64.8,86.8,0.0,0.6393487077844916,5
Windybeard,64.66666666666667,74.83333333333333,30.5,0.9126110355724961,6
Brave Giant LTD,63.07142857142857,91.57142857142857,51.57142857142857,0.6994801488800196,14
Riviysky,61.15384615384615,88.76923076923077,138.46153846153845,0.6633082736353344,13
RPG Video,60.4,134.8,216.2,0.43393857222250265,5
Sapphire Dragon Productions,60.28571428571429,79.42857142857143,113.64285714285714,0.7178864158455995,14
Mythical City Games,59.8,76.0,6.6,0.8196869543165178,5
BrainGoodGames,59.666666666666664,64.0,32.0,0.9215128720109744,6
Avalanche Software,59.4,93.6,23.2,0.6913974476084148,5
Winter Wolves,58.916666666666664,84.41666666666667,38.291666666666664,0.6751872296166899,24
"COLOPL, Inc.",58.0,66.2,0.0,0.8732308496101598,5
NewWestGames,57.6,93.4,71.4,0.671367189486576,5
Atomic Fabrik;Cristian Manolachi,57.57142857142857,149.0,63.57142857142857,0.41406646734826846,7
Mad Head Games,57.54545454545455,61.72727272727273,15.636363636363637,0.8698412698412699,11
Google Inc.,57.22222222222222,60.666666666666664,0.0,0.9261205378324332,9
Badim,56.285714285714285,77.42857142857143,246.85714285714286,0.6589909924087625,7
bumblebee,56.0,84.2,13.0,0.6568287911311577,5
Felip Guimerà,55.0,74.83333333333333,16.166666666666668,0.6960032781185858,6
Shaman Games Studio,53.72727272727273,74.9090909090909,0.0,0.6586392986160248,11
Ageod,52.57142857142857,80.71428571428571,10.142857142857142,0.6532722814839316,7
ThinkOfGames,52.5,65.66666666666667,185.66666666666666,0.7249100621193644,6
Grey Dog Software,52.166666666666664,83.5,0.0,0.6375108366531346,6
"Amaranth Games, LLC",51.8,68.0,0.0,0.7767082253206655,5
Hijong Park,51.4,55.2,0.0,0.933801156192503,5
Choice of Games,51.1063829787234,58.159574468085104,0.0,0.7199734479935513,94
oblomysh,50.8,93.6,1.8,0.5187910270540448,5
MagicHouse,50.8,83.4,0.0,0.6605237850319581,5
Torus Games,50.8,70.2,0.0,0.6664797839635953,5
Gogii Games,50.5,74.6875,0.0,0.6363345268378144,16
upjers,49.09090909090909,107.18181818181819,20.363636363636363,0.5073128988902004,11
EHTechnology,48.42857142857143,92.14285714285714,158.42857142857142,0.49033101002504553,7
André Bertaglia,48.375,112.375,139.75,0.5510595636693817,8
Corrosive Studios LLC,47.0,57.0,0.0,0.8560846802770856,5
Alawar Stargaze,46.857142857142854,53.857142857142854,0.0,0.9022764000705177,7
b-alive gmbh,46.46666666666667,77.33333333333333,0.0,0.6096178900623707,15
Rainbow Games,46.22222222222222,61.666666666666664,170.22222222222223,0.7334326849726996,9
橘喵喵,46.2,54.0,0.8,0.8157028388278388,5
Whiskeybarrel Studios,45.8,59.4,15.4,0.8270803372227707,5
Peace,45.5,94.875,153.375,0.46116013358173724,8
hOSHI,45.4,52.6,0.0,0.8749070840608631,5
NLB project,43.6,75.2,52.8,0.7769871429476217,5
Afterthought Studios,43.4,53.0,167.4,0.7473543123543124,5
Vidas Salavejus,43.0,66.14285714285714,25.142857142857142,0.6943374876539783,7
Xatrix Entertainment,42.857142857142854,54.57142857142857,4.571428571428571,0.7921055984246205,7
From Soy Sauce LLC,41.8,85.2,50.0,0.5961100121728545,5
EnsenaSoft,41.77142857142857,78.22857142857143,155.14285714285714,0.4736357342421357,35
Life Jumb DT,41.4,48.8,46.2,0.7172932330827068,5
FobTi interactive,40.6,52.0,66.2,0.8083475783475784,5
Deceptive Games Ltd.,38.833333333333336,52.0,1.1666666666666667,0.7138949690979225,6
Unreal Gaming,38.6,64.2,0.0,0.6315747636181073,5
HA Studio Ltd.,38.0,59.4,0.0,0.6967263879672638,5
Crisp App Studio,37.77777777777778,51.888888888888886,0.0,0.7632865633539757,9
VGstudio,37.5,92.875,218.375,0.40867039135193794,8
Hosted Games,36.76190476190476,42.11904761904762,0.0,0.7255606732974558,42
Brzezinski,36.714285714285715,52.285714285714285,30.0,0.7280886469101019,7
Snkl Studio,36.333333333333336,48.904761904761905,13.80952380952381,0.6806293093187568,21
Xiotex Studios Ltd,36.166666666666664,69.5,0.0,0.6093628593628594,6
roseVeRte,36.0,55.0,12.5,0.6775974025974026,6
Mikhail Melnikov,35.9,60.7,0.3,0.5594026281625014,10
Dark Gaia Studios,35.0,45.833333333333336,0.0,0.7955788103771976,6
RewindApp,34.83720930232558,51.348837209302324,25.790697674418606,0.6200487177601541,43
Tuomo Laine,34.666666666666664,50.666666666666664,0.0,0.7702329002638599,6
Orangepixel,34.42857142857143,48.57142857142857,0.0,0.6765373906218978,7
Chris Antoni,34.0,39.6,0.0,0.8452294864673264,5
HandyGames,33.5,47.9,10.7,0.7338507967255012,10
SaintHeiser,33.333333333333336,43.833333333333336,104.5,0.6482713008575077,6
Alternative Software Ltd,32.8,54.8,0.0,0.6156623353367133,5
3D Realms (Apogee Software),31.875,38.875,0.375,0.800526696731573,8
GameHouse,31.8,38.8,0.0,0.8271739961421716,10
For Kids,31.77777777777778,38.30555555555556,0.5555555555555556,0.7867324418360808,36
"Tricol Co., Ltd.",31.2,36.4,2.6,0.7494368298368299,5
rokapublish,31.0,37.666666666666664,0.0,0.8927090782740937,6
Crystal Box Team,31.0,58.0,105.8,0.5289107946939272,5
Mykhail Konokh,30.75,52.625,63.875,0.6936804411087851,8
Blaze Epic,30.727272727272727,46.54545454545455,0.0,0.6851521250725838,11
Alawar,30.5,34.0,0.0,0.9176976943934188,6
SharkGame,30.5,45.375,100.5,0.6976481346305162,16
BekkerDev Studio,30.4,40.2,90.0,0.743005221728626,5
Serious Games Interactive,30.4,54.0,16.4,0.547707410819539,5
Absolutist Ltd.,30.0,50.0,32.125,0.5356184314523094,8
The Revills Games,30.0,34.5,41.0,0.7658752155703376,6
哈视奇科技,29.857142857142858,41.57142857142857,0.0,0.6109201256260081,7
Narko Games,29.75,58.625,0.5,0.41283506431532746,8
Fury Software,29.6,36.2,0.0,0.7591492119235754,5
DRUNKEN APES,29.56,41.28,0.0,0.6292753868384352,25
NedoStudio,29.133333333333333,44.4,89.2,0.6697174871435982,15
Interplay Entertainment Corp.,29.0,36.125,0.0,0.8158140065007957,8
MyDreamForever,28.75,34.25,0.0,0.8666532881714336,8
phime studio LLC,28.25,41.125,237.5,0.5977996816135361,8
Indiecode Games,28.0,52.833333333333336,0.0,0.5203340134700242,6
Access Software,28.0,36.0,0.0,0.752371197535618,5
Last Day of Work,27.666666666666668,33.833333333333336,0.0,0.8012204089065286,6
Fun Infused Games,27.5,35.5,79.0,0.7792914278421524,6
DimleTeam,27.0,43.6,60.4,0.615235367042596,5
BUG-Studio,26.833333333333332,41.333333333333336,36.833333333333336,0.7000992063492063,6
Vyacheslav Shilikhin,26.42105263157895,59.89473684210526,739.1052631578947,0.4419993164206259,19
HeR Interactive,26.333333333333332,32.666666666666664,0.0,0.7913950212760958,30
3DDUO,26.285714285714285,35.0,0.0,0.5527715897241444,7
Blender Games,26.125,34.65,11.675,0.7244559623180558,40
DreamsSoftGames,25.666666666666668,53.0,38.833333333333336,0.5029984926787252,6
"Oh, a Rock! Studios",25.6,27.6,0.0,0.9499536607970344,5
David Mulder,25.428571428571427,39.214285714285715,52.0,0.7025919197270369,14
SpinTop Games,25.428571428571427,38.0,0.0,0.7028661199227703,7
AFBIK Studio,25.125,40.1875,0.3125,0.6758308731290823,16
TSS Studio,24.8,64.4,0.8,0.342739854646163,10
Assemble Entertainment,24.77777777777778,33.77777777777778,0.0,0.7449971112327434,9
Inu to Neko,24.6,39.4,0.0,0.59475935828877,5
SEEP,24.6,28.0,0.0,0.9197695035460992,5
Immersion,24.6,33.2,0.0,0.6675096832991569,5
Silver Cow Studio,24.2,32.6,0.0,0.7202755686968065,10
Ominous Entertainment,24.0,29.833333333333332,0.0,0.8451693808836666,6
EJRGames,23.857142857142858,52.0,43.142857142857146,0.4528531180201263,7
alexeibelih,23.8,45.4,0.6,0.49592799155042655,5
IndieLip,23.625,60.5,1.75,0.39095058938518207,8
Star Legion,23.5,42.5,0.5,0.7663594607492246,6
StarSystemStudios™,23.2,44.5,50.6,0.609112672520719,10
Kisareth Studios,22.4,35.6,141.8,0.5878519748984865,5
Bacq Stellan,22.4,38.2,0.0,0.5524304029304029,5
azimut team,22.357142857142858,54.92857142857143,58.42857142857143,0.36566199677263117,14
Blue Entropy Studios,22.333333333333332,33.833333333333336,0.0,0.6296913814155193,6
RhinoGearz,22.333333333333332,24.833333333333332,0.0,0.8592505378219665,6
Gunnar Games,22.0,31.125,0.125,0.5307824361628709,8
3000AD,21.8,57.4,0.0,0.19982089805619216,5
Sanuk Games,21.666666666666668,38.5,0.0,0.4800109993492347,6
Woodsy Studio,21.666666666666668,27.833333333333332,68.16666666666667,0.8279223787353868,6
ChaoYe Liu,21.2,30.0,0.0,0.668874216737785,5
G. Malta,21.166666666666668,41.833333333333336,0.5833333333333334,0.5968225966372739,12
Crankies Smartworks,21.142857142857142,46.714285714285715,0.14285714285714285,0.46425312844275485,7
Naarassusi Game,21.125,43.375,159.75,0.3817034070070552,8
United Independent Entertainment GmbH,20.727272727272727,106.0,1.8181818181818181,0.20082687061134197,22
"Nikita ""Ghost_RUS""",20.68,32.38,0.0,0.543867808781816,50
Cateia Games,20.6,35.53333333333333,0.0,0.5712772734511865,15
King Key Games,20.4,42.4,5.0,0.5554987468671679,5
LillyWelland inc.,20.235294117647058,33.588235294117645,20.176470588235293,0.633286618242246,17
Big Fish Studios,20.142857142857142,24.714285714285715,0.0,0.7781534152122387,7
SimProse Studios,20.09090909090909,35.36363636363637,80.18181818181819,0.5252092355555528,11
AMG GAMES,19.857142857142858,21.285714285714285,0.0,0.943096796820201,7
Recreat4,19.625,33.0,120.75,0.5436364697394109,8
Boomzap Entertainment,19.615384615384617,24.23076923076923,0.0,0.810017094017094,13
Flat Cat Games,19.4,21.4,0.0,0.9093506493506494,5
Idea Cabin,19.166666666666668,54.666666666666664,0.0,0.36124075485122087,6
Starodymov,19.1,40.9,21.9,0.4534398207627966,10
Zloy Krot Studio,19.0,33.142857142857146,0.07142857142857142,0.6005022970066488,14
Tero Lunkka;BlackThug,19.0,33.833333333333336,0.0,0.604979595463402,6
Puzzle Lab,18.666666666666668,23.0,0.0,0.7360513882253011,6
ARTDINK,18.555555555555557,26.22222222222222,0.0,0.7455079702268502,9
D1ONE,18.333333333333332,36.666666666666664,6.0,0.4160300025766302,6
Space Monkey International,18.2,44.4,0.0,0.3645995445995446,5
Bullid Games,18.11111111111111,27.11111111111111,0.0,0.565283973745943,18
Cloaz Studio,17.6,27.6,0.0,0.6622433730344481,5
Primitive Studio,17.470588235294116,34.88235294117647,24.11764705882353,0.5791584655852461,17
Rank17,17.4,21.0,0.0,0.8564102564102564,5
CSM,17.142857142857142,26.523809523809526,0.0,0.673276486628494,21
morojenoe's empire,17.0,32.42857142857143,2.142857142857143,0.34756235827664395,7
Sandlot Games,16.714285714285715,20.0,0.0,0.842586778301064,7
Dreamatrix,16.666666666666668,37.166666666666664,47.166666666666664,0.4840142673508738,6
Warfare Studios,16.35483870967742,24.70967741935484,26.193548387096776,0.6514969957931255,31
GiBar,16.2,26.8,0.0,0.5754054160125588,5
Chun Y.,15.6,19.0,0.0,0.5631336405529954,5
TRIANGLE SERVICE,15.5,17.25,7.375,0.9171745922220306,8
GuraShop,15.5,26.333333333333332,0.0,0.4437139488863626,6
Blue Sunset Games,15.4,24.8,1.4,0.6682575757575757,5
Xefier Games Inc.,15.4,24.6,0.0,0.6106565656565657,5
Petite Games,15.166666666666666,20.166666666666668,0.5,0.5645743145743146,6
Perverse Games,15.125,19.625,0.0,0.8062596677516033,8
DIGIDICED,15.0,25.7,18.0,0.6582863408521303,10
meokigame,15.0,20.375,0.0,0.7571102748243971,8
zoocros,14.8,18.8,0.0,0.7822802197802198,5
Tero Lunkka,14.785714285714286,38.42857142857143,52.642857142857146,0.44659651547333173,14
Renegade Sector Games,14.285714285714286,16.428571428571427,0.0,0.8895421448695588,7
Team Syukino,14.166666666666666,18.0,0.0,0.7743622118622119,6
"Sports Mogul, Inc.",14.142857142857142,20.857142857142858,0.0,0.7027235525567005,7
FIRST_UKRAINIAN,14.0,21.6,0.0,0.6041666666666667,5
Bellcat Game,14.0,19.4,0.0,0.605819774718398,5
Shoho Games,13.8,28.2,0.0,0.4882539682539683,5
Mia Blais-Côté,13.333333333333334,16.0,0.0,0.8466118618822756,9
LunarCore Games,13.2,17.8,25.4,0.6195021645021646,5
OnBlind,13.166666666666666,22.666666666666668,0.0,0.4822242361006533,6
Ripknot Systems,13.080645161290322,21.806451612903224,408.46774193548384,0.5719165428491578,62
Big Fish Games,12.5,16.285714285714285,0.0,0.7656377551020409,14
Wonderbox Games,12.266666666666667,24.666666666666668,0.06666666666666667,0.4274098876878154,15
Sacada,12.263157894736842,15.894736842105264,0.7368421052631579,0.804282346910056,19
Realore,12.25,14.9375,0.0,0.7812185073698231,16
Totem Games,12.25,22.75,0.0,0.6268525532756082,12
Infogrames,12.23076923076923,16.153846153846153,0.0,0.6800154577604668,13
Educational Games,12.0,19.23076923076923,0.0,0.4970088752346817,13
hallunazigames,11.923076923076923,23.923076923076923,0.15384615384615385,0.4259938433971969,13
Dnovel,11.88888888888889,13.0,0.0,0.9191944931075366,9
Indie Games Studio,11.666666666666666,23.0,216.66666666666666,0.4819631570508764,6
Rumata Lab,11.666666666666666,15.5,46.666666666666664,0.7610336375929682,6
XiNFiNiTY Games,11.533333333333333,17.333333333333332,29.6,0.6027858403945955,15
Fabio Cunha,11.5,25.083333333333332,0.75,0.46479287785678763,12
PlayFirst,11.444444444444445,21.333333333333332,0.0,0.6639572987399074,9
DillyFrame,11.2,13.0,0.0,0.7482142857142857,5
Red Dolphin Games,11.130434782608695,19.304347826086957,0.0,0.6135475494217806,23
"Mindware Co.,Ltd.",11.125,14.5,25.25,0.8137221574721575,8
Cersgame Studios,11.125,21.75,0.0,0.4975621424988514,8
JDRumble,11.0,24.5,65.125,0.4198570853462158,8
City Interactive S.A.,10.916666666666666,18.833333333333332,0.0,0.5395100069013112,12
HexWar Games,10.851851851851851,18.666666666666668,23.666666666666668,0.6256067641360805,27
SAT-BOX,10.625,14.375,0.0,0.7117243867243868,8
Stegalosaurus Game Development,10.428571428571429,15.714285714285714,84.71428571428571,0.6973237289026762,7
WTFOMGames,10.428571428571429,39.42857142857143,152.57142857142858,0.3837695947944395,7
Nekyau Games,10.28125,28.84375,0.375,0.3798474337480837,32
QuickSave,10.142857142857142,15.142857142857142,122.85714285714286,0.7050988227458816,7
Laush Dmitriy Sergeevich,9.92156862745098,15.27450980392157,4.647058823529412,0.6664055866613411,51
Marginal act,9.8,15.8,0.0,0.6242156862745099,5
Chequered Ink Ltd.,9.666666666666666,13.333333333333334,0.0,0.8516483516483516,6
Makivision Games,9.5,18.0,0.0,0.6866161616161616,6
Funny Twins,9.428571428571429,15.857142857142858,0.0,0.5018845265210273,7
Anawiki Games,9.375,11.875,0.0,0.6560032280937453,8
BJGameInd,9.285714285714286,22.428571428571427,0.14285714285714285,0.43171876766346806,7
ImperiumGame,9.222222222222221,17.0,0.0,0.4570601764677986,9
Quicksilver Software,9.2,17.2,0.0,0.6357142857142858,5
Notus Games Ltd,9.181818181818182,10.090909090909092,0.0,0.9165095935430864,11
Casual.US,9.125,18.375,0.0,0.4373783936651584,8
Blue Tea Games,9.1,10.1,0.0,0.940043956043956,10
Ghost Machine,9.0,30.8,0.0,0.3739849624060151,5
OrionSoft,9.0,14.4,0.0,0.574733893557423,5
Whiterra,8.8,11.0,0.0,0.7689285714285715,10
Sly,8.76923076923077,15.884615384615385,35.07692307692308,0.6129024638155953,26
Exe Create Inc.,8.555555555555555,11.555555555555555,1.2222222222222223,0.7258747761399642,9
Dreambakers,8.444444444444445,21.77777777777778,0.0,0.3399851758102035,9
Urbanscan,8.4,15.6,0.0,0.49253968253968256,5
Simulators Live,8.357142857142858,22.071428571428573,0.07142857142857142,0.3391746867767564,14
Playtouch,8.25,13.0,0.0,0.5659226190476191,8
Future Lighthouse,8.166666666666666,12.0,0.0,0.7219923594923595,6
Victor Corradi,8.0,22.0,50.166666666666664,0.39268345268345267,6
WhackAKey Games,7.909090909090909,20.818181818181817,48.18181818181818,0.497842056932966,11
Boogygames Studios,7.777777777777778,13.277777777777779,0.0,0.5532264032264033,18
CasGames,7.714285714285714,17.714285714285715,0.0,0.42167384519434,7
Digital Fusion Inc.,7.6,15.2,0.0,0.46786195286195287,5
Playloft,7.5,16.166666666666668,0.0,0.3583579789358091,12
Night Dreams Studio,7.473684210526316,20.263157894736842,0.0,0.3407418909983533,19
ARGames,7.3,21.0,0.4,0.35867260427744296,10
Yash Future Tech Solutions Pvt Ltd,7.25,12.166666666666666,0.0,0.41729797979797983,12
Kedexa,7.142857142857143,15.0,0.0,0.355949391782615,7
gfdsahdgsye7,7.0,15.166666666666666,0.0,0.5415732959850607,6
Salsawi,7.0,16.333333333333332,0.0,0.4420763969544457,6
Artur Rezende,6.777777777777778,9.88888888888889,0.0,0.6687466451959205,9
TheElvenTale Games,6.666666666666667,12.5,0.0,0.4628703703703703,6
Falco Software,6.588235294117647,16.705882352941178,0.0,0.30681185559988805,17
hede,6.571428571428571,15.142857142857142,0.0,0.43910897692410295,7
indie_games_studio,6.444444444444445,12.11111111111111,0.0,0.49490414863978077,9
Urchin Games,6.3,9.5,0.0,0.7721503496503497,10
InArcade,6.166666666666667,7.0,0.0,0.8444444444444444,6
Sub Orbital Software,6.166666666666667,8.833333333333334,0.0,0.8040350877192983,6
rokaplay,6.1,9.1,0.0,0.6613474025974025,10
Lazy Turtle Games,6.0,7.625,0.0,0.8492424242424242,8
Yustas Game Studio;Alawar Entertainment,6.0,8.8,0.0,0.6125874125874126,5
Brewsterland Studios,5.875,8.5,0.0,0.5305232558139534,8
vadimalexepta,5.785714285714286,12.285714285714286,0.07142857142857142,0.47488264050764045,14
Independent Arts Software,5.714285714285714,13.285714285714286,0.0,0.5901515151515151,7
LTrust,5.25,6.625,0.0,0.7351190476190477,8
Dexion Games,5.2444444444444445,17.844444444444445,0.2222222222222222,0.2917637503519271,45
Joystick Knights,5.142857142857143,17.428571428571427,0.0,0.2954887218045113,7
Ocean Software,5.0,10.666666666666666,0.0,0.4240384615384616,6
TheBlavas,4.8,9.4,0.0,0.509090909090909,5
dev4play,4.7,8.7,0.0,0.4819372294372294,10
Coffee-Powered Games,4.428571428571429,16.142857142857142,0.0,0.24283394017277077,7
RSK Entertainment,4.333333333333333,12.083333333333334,0.16666666666666666,0.4384057971014493,12
baKno Games,4.277777777777778,8.166666666666666,0.0,0.4599433027593947,18
Mzonestudio,4.222222222222222,6.666666666666667,0.0,0.5922822547822548,9
Only Human Studios,4.2,9.0,0.0,0.47916666666666663,5
Anamik Majumdar,4.181818181818182,8.545454545454545,53.72727272727273,0.41682731682731683,11
Wolverine Studios,4.090909090909091,8.0,0.0,0.5267687516699374,11
Andy Jurko,4.071428571428571,4.357142857142857,0.0,0.9551020408163265,14
KR Games,4.0,9.0,0.0,0.46878787878787875,5
khos85,3.8,13.0,0.0,0.357324414715719,5
VDimension,3.75,5.375,0.0,0.6140398550724637,8
Appnori Inc.,3.6666666666666665,5.833333333333333,0.0,0.605465367965368,6
Hardcore Studio,3.6,7.8,0.0,0.4584304584304585,5
Gamenesis,3.3076923076923075,12.076923076923077,0.0,0.2598139727450072,13
e-FunSoft Games,3.230769230769231,4.230769230769231,0.0,0.8532967032967034,13
Beyond Games,3.2,5.4,0.0,0.3596153846153846,5
Softwaves,3.0,7.8,0.0,0.4603174603174603,5
JimJams Games,3.0,3.2,0.0,0.8,5
Elephant Games,2.8421052631578947,3.6315789473684212,0.0,0.8522267206477734,19
Eipix Entertainment,2.75,3.21875,0.0,0.8840029761904762,32
Music Breath,2.75,8.0,0.0,0.3275793650793651,8
MobileFusion Apps Ltd,2.6666666666666665,4.166666666666667,0.0,0.5998677248677249,6
Kedronic UAB,2.6,3.0,0.0,0.9199999999999999,5
Garnudo Games,2.5454545454545454,7.545454545454546,0.0,0.35061378015923467,22
stariy8419,2.5454545454545454,4.7272727272727275,0.0,0.5655844155844156,11
Fury Games Production,2.230769230769231,7.923076923076923,0.0,0.37598842018196854,13
Vendel Games,2.2,2.4,0.0,0.9333333333333332,5
Domini Games,2.142857142857143,2.7142857142857144,0.0,0.7523809523809524,7
West Forest Games,2.0,9.8,0.0,0.17705627705627705,5
HUNTERS,2.0,2.8,0.0,0.71,5
Real Fighting,1.8461538461538463,7.384615384615385,0.0,0.264806987883911,13
"MAMMOSSIX Co., Ltd.",1.8,4.8,0.0,0.20571428571428568,5
ERS G Studios,1.75,2.2857142857142856,0.0,0.804421768707483,28
Carlo D'Apostoli Projects,1.6666666666666667,5.666666666666667,0.0,0.2888888888888889,6
EleFun Games,1.6666666666666667,1.7777777777777777,0.0,0.9777777777777779,9
Speedspark Studio,1.6,6.8,0.0,0.25,5
Art Of Adventures,1.5714285714285714,4.142857142857143,0.0,0.42346938775510207,7
milanaozdieva,1.4444444444444444,3.2222222222222223,0.0,0.44814814814814813,9
Blam! Games,1.4,1.4,0.0,1.0,5
FailoutGames,1.4,2.0,0.0,0.8,5
LoadUpGames.com,1.2857142857142858,2.142857142857143,0.0,0.7619047619047619,7
Softwaves Mini,1.2,4.2,0.0,0.5416666666666667,5
Ezekiel Rage,1.0,2.8,0.0,0.3,5
Theodor Niklas,0.8571428571428571,4.285714285714286,0.0,0.2261904761904762,7
magnussoft,0.7,2.8,0.0,0.275,10
Robert Cardona,0.6666666666666666,2.3333333333333335,0.0,0.31481481481481477,9
